Workbook

Sheet CARE DATA
A1: US_POP （million） | B1: Year | C1: b total carpet recycling rate | D1: recycled carpet | E1: recycled rate to collected | F1: total incinerated rate (ω) | G1: incinerated carpet | H1: incinerated rate to collected | I1: Post consumer carpet discards (billion pounds) | J1: Gross Collections (million pounds) | K1: Sales (billion square yards) | L1: Sales(CARE) (billion square feet) | M1: Sales(CARE) (million m2) | N1: Sales(FCW) (billion square feet) | O1: Sales(FCW) (million m2) | P1: Sales combination data (FCW & CARE) (million m2) | Q1: per capita carpet sales (m2) | R1: correct factors (F2) | T1: R | U1: P | V1: D
A2: 287.54563 | B2: 2002 | C2: =D2/I2/1000 -> 0.012474484 | D2: 55 | F2: =G2/I2/1000 -> 0.00043093672 | G2: 1.9 | I2: 4.409 | J2: 57 | K2: =(I2-V2)/(T2*U2) -> 1.2313725 | L2: =K2*9 -> 11.082353 | M2: =L2*0.09290304*1000 -> 1029.5843 | P2: =M2 -> 1029.5843 | Q2: =P2/A2 -> 3.5805944 | T2: 0.85 | U2: 4.2 | V2: 0.013
A3: 290.19204 | B3: 2003 | C3: =D3/I3/1000 -> 0.019790719 | D3: 87 | F3: =G3/I3/1000 -> 0.0015923567 | G3: 7 | I3: 4.396 | J3: 94 | K3: =(I3-V3)/(T3*U3) -> 1.2277311 | L3: =K3*9 -> 11.04958 | M3: =L3*0.09290304*1000 -> 1026.5396 | P3: =M3 -> 1026.5396 | Q3: =P3/A3 -> 3.5374491 | T3: 0.85 | U3: 4.2 | V3: 0.013
A4: 293.05178 | B4: 2004 | C4: =D4/I4/1000 -> 0.02136007 | D4: 98 | F4: =G4/I4/1000 -> 0.002179599 | G4: 10 | I4: 4.588 | J4: 106 | K4: =(I4-V4)/(T4*U4) -> 1.2815126 | L4: =K4*9 -> 11.533613 | M4: =L4*0.09290304*1000 -> 1071.5078 | P4: =M4 -> 1071.5078 | Q4: =P4/A4 -> 3.6563768 | T4: 0.85 | U4: 4.2 | V4: 0.013
A5: 295.8049 | B5: 2005 | C5: =D5/I5/1000 -> 0.039471007 | D5: 194 | F5: =G5/I5/1000 -> 0.006103764 | G5: 30 | I5: 4.915 | J5: 225 | K5: =(I5-V5)/(T5*U5) -> 1.3731092 | L5: =K5*9 -> 12.357983 | M5: =L5*0.09290304*1000 -> 1148.0942 | P5: =M5 -> 1148.0942 | Q5: =P5/A5 -> 3.8812549 | T5: 0.85 | U5: 4.2 | V5: 0.013
A6: 298.74114 | B6: 2006 | C6: =D6/I6/1000 -> 0.050992106 | D6: 239 | F6: =G6/I6/1000 -> 0.0044804779 | G6: 21 | I6: 4.687 | J6: 261 | K6: =(I6-V6)/(T6*U6) -> 1.3092437 | L6: =K6*9 -> 11.783193 | M6: =L6*0.09290304*1000 -> 1094.6945 | P6: =M6 -> 1094.6945 | Q6: =P6/A6 -> 3.6643579 | T6: 0.85 | U6: 4.2 | V6: 0.013
A7: 301.73126 | B7: 2007 | C7: =D7/I7/1000 -> 0.038377193 | D7: 175 | F7: =G7/I7/1000 -> 0.0046052632 | G7: 21 | I7: 4.56 | J7: 296 | K7: =(I7-V7)/(T7*U7) -> 1.2736695 | L7: =K7*9 -> 11.463025 | M7: =L7*0.09290304*1000 -> 1064.9499 | P7: =M7 -> 1064.9499 | Q7: =P7/A7 -> 3.5294649 | T7: 0.85 | U7: 4.2 | V7: 0.013
A8: 304.53628 | B8: 2008 | C8: =D8/I8/1000 -> 0.058420057 | D8: 247 | F8: =G8/I8/1000 -> 0.010170293 | G8: 43 | I8: 4.228 | J8: 292 | K8: =(I8-V8)/(T8*U8) -> 1.1806723 | L8: =K8*9 -> 10.62605 | M8: =L8*0.09290304*1000 -> 987.19239 | N8: 12.81 | O8: ='FCW DATA'!L2 -> 1100.8313 | P8: =(M8+O8)/2 -> 1044.0119 | Q8: =P8/A8 -> 3.4282019 | R8: =L8/N8 -> 0.82951213 | T8: 0.85 | U8: 4.2 | V8: 0.013
A9: 306.8175 | B9: 2009 | C9: =D9/I9/1000 -> 0.069448183 | D9: 258 | F9: =G9/I9/1000 -> 0.015881561 | G9: 59 | I9: 3.715 | J9: 311 | K9: =(I9-V9)/(T9*U9) -> 1.0369748 | L9: =K9*9 -> 9.3327731 | M9: =L9*0.09290304*1000 -> 867.04299 | N9: 10.6 | O9: ='FCW DATA'!L3 -> 910.91431 | P9: =(M9+O9)/2 -> 888.97865 | Q9: =P9/A9 -> 2.8974183 | R9: =L9/N9 -> 0.88045029 | T9: 0.85 | U9: 4.2 | V9: 0.013
A10: 309.32085 | B10: 2010 | C10: =D10/I10/1000 -> 0.080936851 | D10: 273 | F10: =G10/I10/1000 -> 0.018974207 | G10: 64 | I10: 3.373 | J10: 337 | K10: =(I10-V10)/(T10*U10) -> 0.94117647 | L10: =K10*9 -> 8.4705882 | M10: =L10*0.09290304*1000 -> 786.9434 | N10: 10.69 | O10: ='FCW DATA'!L4 -> 918.64849 | P10: =(M10+O10)/2 -> 852.79594 | Q10: =P10/A10 -> 2.7569947 | R10: =L10/N10 -> 0.79238431 | T10: 0.85 | U10: 4.2 | V10: 0.013
A11: 311.59112 | B11: 2011 | C11: =D11/I11/1000 -> 0.065775681 | D11: 251 | F11: =G11/I11/1000 -> 0.02148847 | G11: 82 | I11: 3.816 | J11: 333 | K11: =(I11-V11)/(T11*U11) -> 1.0652661 | L11: =K11*9 -> 9.587395 | M11: =L11*0.09290304*1000 -> 890.69814 | N11: 10.22 | O11: ='FCW DATA'!L5 -> 878.25889 | P11: =(M11+O11)/2 -> 884.47851 | Q11: =P11/A11 -> 2.838587 | R11: =L11/N11 -> 0.93810127 | T11: 0.85 | U11: 4.2 | V11: 0.013
A12: 313.89171 | B12: 2012 | C12: =D12/I12/1000 -> 0.084463277 | D12: 299 | F12: =G12/I12/1000 -> 0.014971751 | G12: 53 | I12: 3.54 | J12: 351 | K12: =(I12-V12)/(T12*U12) -> 0.98795518 | L12: =K12*9 -> 8.8915966 | M12: =L12*0.09290304*1000 -> 826.05636 | N12: 10.46 | O12: ='FCW DATA'!L6 -> 898.88336 | P12: =(M12+O12)/2 -> 862.46986 | Q12: =P12/A12 -> 2.7476669 | R12: =L12/N12 -> 0.85005704 | T12: 0.85 | U12: 4.2 | V12: 0.013
A13: 316.07915 | B13: 2013 | C13: =D13/I13/1000 -> 0.0534 | D13: =E13*J13 -> 197.58 | E13: 0.37 | F13: =G13/I13/1000 -> 0.021648649 | G13: =J13*H13 -> 80.1 | H13: 0.15 | I13: 3.7 | J13: 534 | K13: 1.012 | L13: =K13*9 -> 9.108 | M13: =L13*0.09290304*1000 -> 846.16089 | N13: 10.86 | O13: ='FCW DATA'!L7 -> 909.5477 | P13: =(M13+O13)/2 -> 877.8543 | Q13: =P13/A13 -> 2.7773242 | R13: =L13/N13 -> 0.83867403
A14: 318.41002 | B14: 2014 | C14: =D14/I14/1000 -> 0.03316404 | D14: =E14*J14 -> 113.62 | E14: 0.23 | F14: =G14/I14/1000 -> 0.044699358 | G14: =J14*H14 -> 153.14 | H14: 0.31 | I14: 3.426 | J14: 494 | K14: 0.982 | L14: =K14*9 -> 8.838 | M14: =L14*0.09290304*1000 -> 821.07707 | N14: 11.36 | O14: ='FCW DATA'!L8 -> 926.62235 | P14: =(M14+O14)/2 -> 873.84971 | Q14: =P14/A14 -> 2.7444165 | R14: =L14/N14 -> 0.77799296
A15: 320.76659 | B15: 2015 | C15: =D15/I15/1000 -> 0.034899329 | D15: =E15*J15 -> 119.6 | E15: 0.23 | F15: =G15/I15/1000 -> 0.054625036 | G15: =J15*H15 -> 187.2 | H15: 0.36 | I15: 3.427 | J15: 520 | K15: 1.01 | L15: =K15*9 -> 9.09 | M15: =L15*0.09290304*1000 -> 844.48863 | N15: 11.29 | O15: ='FCW DATA'!L9 -> 915.66816 | P15: =(M15+O15)/2 -> 880.07839 | Q15: =P15/A15 -> 2.7436722 | R15: =L15/N15 -> 0.80513729
A16: 323.10315 | B16: 2016 | C16: =D16/I16/1000 -> 0.042875399 | D16: =E16*J16 -> 161.04 | E16: 0.33 | F16: =G16/I16/1000 -> 0.037678381 | G16: =J16*H16 -> 141.52 | H16: 0.29 | I16: 3.756 | J16: 488 | K16: 1 | L16: =K16*9 -> 9 | M16: =L16*0.09290304*1000 -> 836.12736 | N16: 11.44 | O16: ='FCW DATA'!L10 -> 928.89662 | P16: =(M16+O16)/2 -> 882.51199 | Q16: =P16/A16 -> 2.731363 | R16: =L16/N16 -> 0.78671329
A17: 325.15755 | B17: 2017 | C17: =D17/I17/1000 -> 0.053764462 | D17: =E17*J17 -> 181.24 | E17: 0.46 | F17: =G17/I17/1000 -> 0.028051023 | G17: =J17*H17 -> 94.56 | H17: 0.24 | I17: 3.371 | J17: 394 | K17: 0.982 | L17: =K17*9 -> 8.838 | M17: =L17*0.09290304*1000 -> 821.07707 | N17: 12.44 | O17: ='FCW DATA'!L11 -> 1012.4053 | P17: =(M17+O17)/2 -> 916.74119 | Q17: =P17/A17 -> 2.8193754 | R17: =L17/N17 -> 0.71045016
A18: 326.87662 | B18: 2018 | C18: =D18/I18/1000 -> 0.045562831 | D18: =E18*J18 -> 146.12 | E18: 0.52 | F18: =G18/I18/1000 -> 0.0105145 | G18: =J18*H18 -> 33.72 | H18: 0.12 | I18: 3.207 | J18: 281 | K18: 0.95 | L18: =K18*9 -> 8.55 | M18: =L18*0.09290304*1000 -> 794.32099 | N18: 12.061 | O18: ='FCW DATA'!L12 -> 983.80213 | P18: =(M18+O18)/2 -> 889.06156 | Q18: =P18/A18 -> 2.7198689 | R18: =L18/N18 -> 0.70889644
A19: 328.37182 | B19: 2019 | C19: =D19/I19/1000 -> 0.04604811 | D19: =E19*J19 -> 187.6 | E19: 0.56 | F19: =G19/I19/1000 -> 0.0032891507 | G19: =J19*H19 -> 13.4 | H19: 0.04 | I19: 4.074 | J19: 335 | K19: 0.893 | L19: =K19*9 -> 8.037 | M19: =L19*0.09290304*1000 -> 746.66173 | N19: 11.152 | O19: ='FCW DATA'!L13 -> 903.4397 | P19: =(M19+O19)/2 -> 825.05072 | Q19: =P19/A19 -> 2.5125503 | R19: =L19/N19 -> 0.72067791
A20: 331.5781 | B20: 2020 | N20: 11.424 | O20: ='FCW DATA'!L14 -> 932.90409 | P20: =O20 -> 932.90409 | Q20: =P20/A20 -> 2.8135274
A21: 332.10017 | B21: 2021 | N21: 13.245 | O21: ='FCW DATA'!L15 -> 1090.2237 | P21: =O21 -> 1090.2237 | Q21: =P21/A21 -> 3.2828158
A22: 333.9963 | B22: 2022 | N22: 11.869 | O22: ='FCW DATA'!L16 -> 985.78357 | P22: =O22 -> 985.78357 | Q22: =P22/A22 -> 2.9514805
A23: 336.75505 | B23: 2023 | N23: 11.078 | O23: ='FCW DATA'!L17 -> 898.47403 | P23: =O23 -> 898.47403 | Q23: =P23/A23 -> 2.6680343
A24: 340.0038 | B24: 2024 | N24: 10.881 | O24: ='FCW DATA'!L18 -> 885.52911 | P24: =O24 -> 885.52911 | Q24: =P24/A24 -> 2.6044683
A25: 341.78486 | B25: 2025 | N25: 10.637 | O25: ='FCW DATA'!L19 -> 856.77775 | P25: =O25 -> 856.77775 | Q25: =P25/A25 -> 2.5067751
C26: =AVERAGE(C2:C10) -> 0.043474519 | F26: =AVERAGE(F2:F19) -> 0.016743599 | Q26: =AVERAGE(Q2:Q25) -> 3.0164183 | R26: =MEDIAN(Q2:Q21) -> 2.8289812 | S26: =PERCENTILE(Q2:Q25, 0.75) -> 3.4535177 | T26: =PERCENTILE(Q2:Q25, 0.25) -> 2.7405949
C27: =AVERAGE(C11:C19) -> 0.051105903 | Q27: =AVERAGE(Q2:Q13) -> 3.2746409 | R27: =MEDIAN(Q2:Q11) -> 3.533457 | S27: =PERCENTILE(Q2:Q11,0.75) -> 3.6374312 | T27: =PERCENTILE(Q2:Q11,0.25) -> 3.0301142
F28: Incineration Including waste to energy (WTE), and carpet as alternative fuel (CAAF) to burn in cement kilns and other facilities | Q28: =AVERAGE(Q14:Q25) -> 2.7581956 | R28: =MEDIAN(Q12:Q21) -> 2.7460417 | S28: =PERCENTILE(Q12:Q21, 0.75) -> 2.8044766 | T28: =PERCENTILE(Q12:Q21, 0.25) -> 2.7344403
J32: 60 | K32: ounce/yard^2 | L32: 0.83612736 | M32: yard^2 to m2
J33: pounds (billion) | K33: ounce (billion) | L33: yard^2 (billion) | M33: m2 (billion)
J34: 4 | K34: =J34*16 -> 64 | L34: =K34/J32 -> 1.0666667 | M34: =L34*L32 -> 0.89186918

Sheet FCW DATA
B1: Import Value (billion dollar) | C1: Import Volume (billion square feet) | D1: Import Volume (million square meet) | E1: Export Value (billion dollar) | F1: Export Volume (billion square feet) | G1: Export Volume (million square meet) | H1: Sales Value (billion dollar) | I1: Sales Volume (billion square feet) | J1: transportation share (%) | K1: average value ($/ft2) | L1: Sales Volume (million square meet) | M1: Sales combinated data of CARE & FCW (million m2) | N1: import/total sales | O1: export/total sales
A2: 2008 | B2: 2.04 | C2: 1.82 | D2: =C2*0.09290304*1000*(1-J2/100) -> 156.40227 | E2: 1.1 | F2: 1.09 | G2: =F2*0.09290304*1000*(1-J2/100) -> 93.66949 | H2: 11.87 | I2: 12.81 | J2: 7.5 | K2: =H2/I2 -> 0.92661983 | L2: =I2*0.09290304*1000*(1-J2/100) -> 1100.8313 | M2: ='CARE DATA'!P8 -> 1044.0119 | N2: =D2/M2 -> 0.1498089 | O2: =G2/M2 -> 0.089720714
A3: 2009 | B3: 1.58 | C3: 1.65 | D3: =C3*0.09290304*1000*(1-J3/100) -> 141.79326 | E3: 0.85 | F3: 0.79 | G3: =F3*0.09290304*1000*(1-J3/100) -> 67.888896 | H3: 9.29 | I3: 10.6 | J3: 7.5 | K3: =H3/I3 -> 0.87641509 | L3: =I3*0.09290304*1000*(1-J3/100) -> 910.91431 | M3: ='CARE DATA'!P9 -> 888.97865 | N3: =D3/M3 -> 0.15950132 | O3: =G3/M3 -> 0.076367297
A4: 2010 | B4: 1.86 | C4: 1.96 | D4: =C4*0.09290304*1000*(1-J4/100) -> 168.43321 | E4: 1 | F4: 0.95 | G4: =F4*0.09290304*1000*(1-J4/100) -> 81.638546 | H4: 9.39 | I4: 10.69 | J4: 7.5 | K4: =H4/I4 -> 0.87839102 | L4: =I4*0.09290304*1000*(1-J4/100) -> 918.64849 | M4: ='CARE DATA'!P10 -> 852.79594 | N4: =D4/M4 -> 0.19750705 | O4: =G4/M4 -> 0.095730458
A5: 2011 | B5: 2.03 | C5: 1.96 | D5: =C5*0.09290304*1000*(1-J5/100) -> 168.43321 | E5: 1.07 | F5: 1.01 | G5: =F5*0.09290304*1000*(1-J5/100) -> 86.794665 | H5: 9.53 | I5: 10.22 | J5: 7.5 | K5: =H5/I5 -> 0.93248532 | L5: =I5*0.09290304*1000*(1-J5/100) -> 878.25889 | M5: ='CARE DATA'!P11 -> 884.47851 | N5: =D5/M5 -> 0.19043223 | O5: =G5/M5 -> 0.098130892
A6: 2012 | B6: 2.17 | C6: 2.08 | D6: =C6*0.09290304*1000*(1-J6/100) -> 178.74545 | E6: 1.1 | F6: 0.98 | G6: =F6*0.09290304*1000*(1-J6/100) -> 84.216606 | H6: 10.04 | I6: 10.46 | J6: 7.5 | K6: =H6/I6 -> 0.95984704 | L6: =I6*0.09290304*1000*(1-J6/100) -> 898.88336 | M6: ='CARE DATA'!P12 -> 862.46986 | N6: =D6/M6 -> 0.20724834 | O6: =G6/M6 -> 0.097645854
A7: 2013 | B7: 2.3 | C7: 2.16 | D7: =C7*0.09290304*1000*(1-J7/100) -> 180.90452 | E7: 1.11 | F7: 1.07 | G7: =F7*0.09290304*1000*(1-J7/100) -> 89.614737 | H7: 10.51 | I7: 10.86 | J7: =(J6+J8)/2 -> 9.85 | K7: =H7/I7 -> 0.96777164 | L7: =I7*0.09290304*1000*(1-J7/100) -> 909.5477 | M7: ='CARE DATA'!P13 -> 877.8543 | N7: =D7/M7 -> 0.20607579 | O7: =G7/M7 -> 0.10208384
A8: 2014 | B8: 2.62 | C8: 2.44 | D8: =C8*0.09290304*1000*(1-J8/100) -> 199.02804 | E8: 1.12 | F8: 1 | G8: =F8*0.09290304*1000*(1-J8/100) -> 81.568869 | H8: 11.26 | I8: 11.36 | J8: 12.2 | K8: =H8/I8 -> 0.99119718 | L8: =I8*0.09290304*1000*(1-J8/100) -> 926.62235 | M8: ='CARE DATA'!P14 -> 873.84971 | N8: =D8/M8 -> 0.22776004 | O8: =G8/M8 -> 0.093344277
A9: 2015 | B9: 2.69 | C9: 2.56 | D9: =C9*0.09290304*1000*(1-J9/100) -> 207.62715 | E9: 1.03 | F9: 0.88 | G9: =F9*0.09290304*1000*(1-J9/100) -> 71.371831 | H9: 11.29 | I9: 11.29 | J9: 12.7 | K9: =H9/I9 -> 1 | L9: =I9*0.09290304*1000*(1-J9/100) -> 915.66816 | M9: ='CARE DATA'!P15 -> 880.07839 | N9: =D9/M9 -> 0.23591892 | O9: =G9/M9 -> 0.081097129
A10: 2016 | B10: 2.83 | C10: 2.77 | D10: =C10*0.09290304*1000*(1-J10/100) -> 224.9164 | E10: 0.97 | F10: 0.86 | G10: =F10*0.09290304*1000*(1-J10/100) -> 69.829641 | H10: 11.13 | I10: 11.44 | J10: 12.6 | K10: =H10/I10 -> 0.9729021 | L10: =I10*0.09290304*1000*(1-J10/100) -> 928.89662 | M10: ='CARE DATA'!P16 -> 882.51199 | N10: =D10/M10 -> 0.25485932 | O10: =G10/M10 -> 0.079125997
A11: 2017 | B11: 2.95 | C11: 3.1 | D11: =C11*0.09290304*1000*(1-J11/100) -> 252.2875 | E11: 1 | F11: 0.91 | G11: =F11*0.09290304*1000*(1-J11/100) -> 74.058587 | H11: 12.39 | I11: 12.44 | J11: 12.4 | K11: =H11/I11 -> 0.99598071 | L11: =I11*0.09290304*1000*(1-J11/100) -> 1012.4053 | M11: ='CARE DATA'!P17 -> 916.74119 | N11: =D11/M11 -> 0.27520035 | O11: =G11/M11 -> 0.080784619
A12: 2018 | B12: 3.3232 | C12: 3.557 | D12: =C12*0.09290304*1000*(1-J12/100) -> 290.14047 | E12: 0.9778 | F12: 0.8753 | G12: =F12*0.09290304*1000*(1-J12/100) -> 71.397231 | H12: 12.38 | I12: 12.061 | J12: 12.2 | K12: =H12/I12 -> 1.0264489 | L12: =I12*0.09290304*1000*(1-J12/100) -> 983.80213 | M12: ='CARE DATA'!P18 -> 889.06156 | N12: =D12/M12 -> 0.32634463 | O12: =G12/M12 -> 0.080306285
A13: 2019 | B13: 3.181 | C13: 3.5559 | D13: =C13*0.09290304*1000*(1-J13/100) -> 288.06862 | E13: 0.9109 | F13: 0.7763 | G13: =F13*0.09290304*1000*(1-J13/100) -> 62.889189 | H13: 11.312 | I13: 11.152 | J13: 12.8 | K13: =H13/I13 -> 1.0143472 | L13: =I13*0.09290304*1000*(1-J13/100) -> 903.4397 | M13: ='CARE DATA'!P19 -> 825.05072 | N13: =D13/M13 -> 0.34915262 | O13: =G13/M13 -> 0.076224635
A14: 2020 | B14: 3.2462 | C14: 4.0903 | D14: =C14*0.09290304*1000*(1-J14/100) -> 334.02115 | E14: 0.7733 | F14: 0.6257 | G14: =F14*0.09290304*1000*(1-J14/100) -> 51.095771 | H14: 10.99 | I14: 11.424 | J14: 12.1 | K14: =H14/I14 -> 0.9620098 | L14: =I14*0.09290304*1000*(1-J14/100) -> 932.90409 | M14: ='CARE DATA'!P20 -> 932.90409 | N14: =D14/M14 -> 0.35804447 | O14: =G14/M14 -> 0.054770658
A15: 2021 | B15: 4.4039 | C15: 5.3746 | D15: =C15*0.09290304*1000*(1-J15/100) -> 442.39458 | E15: 0.7765 | F15: 0.6574 | G15: =F15*0.09290304*1000*(1-J15/100) -> 54.11197 | H15: 13.009 | I15: 13.245 | J15: 11.4 | K15: =H15/I15 -> 0.98218196 | L15: =I15*0.09290304*1000*(1-J15/100) -> 1090.2237 | M15: ='CARE DATA'!P21 -> 1090.2237 | N15: =D15/M15 -> 0.40578331 | O15: =G15/M15 -> 0.049633824
A16: 2022 | B16: 4.1027 | C16: 4.4352 | D16: =C16*0.09290304*1000*(1-J16/100) -> 368.36695 | E16: 0.7799 | F16: 0.6224 | G16: =F16*0.09290304*1000*(1-J16/100) -> 51.69363 | H16: 12.345 | I16: 11.869 | J16: 10.6 | K16: =H16/I16 -> 1.0401045 | L16: =I16*0.09290304*1000*(1-J16/100) -> 985.78357 | M16: ='CARE DATA'!P22 -> 985.78357 | N16: =D16/M16 -> 0.37367933 | O16: =G16/M16 -> 0.052439127
A17: 2023 | B17: 3.5835 | C17: 4.148 | D17: =C17*0.09290304*1000*(1-J17/100) -> 336.42086 | E17: 0.7567 | F17: 0.6028 | G17: =F17*0.09290304*1000*(1-J17/100) -> 48.889705 | H17: 11.861 | I17: 11.078 | J17: 12.7 | K17: =H17/I17 -> 1.0706806 | L17: =I17*0.09290304*1000*(1-J17/100) -> 898.47403 | M17: ='CARE DATA'!P23 -> 898.47403 | N17: =D17/M17 -> 0.37443582 | O17: =G17/M17 -> 0.054414154
A18: 2024 | B18: 3.7983 | C18: 4.6047 | D18: =C18*0.09290304*1000*(1-J18/100) -> 374.74459 | E18: 0.7321 | F18: 0.6003 | G18: =F18*0.09290304*1000*(1-J18/100) -> 48.854253 | H18: 11.754 | I18: 10.881 | J18: 12.4 | K18: =H18/I18 -> 1.0802316 | L18: =I18*0.09290304*1000*(1-J18/100) -> 885.52911 | M18: ='CARE DATA'!P24 -> 885.52911 | N18: =D18/M18 -> 0.42318721 | O18: =G18/M18 -> 0.055169562
A19: 2025 | B19: 3.8903 | C19: 4.4332 | D19: =C19*0.09290304*1000*(1-J19/100) -> 357.08068 | E19: 0.6994 | F19: 0.5275 | G19: =F19*0.09290304*1000*(1-J19/100) -> 42.488509 | H19: 11.529 | I19: 10.637 | J19: 13.3 | K19: =H19/I19 -> 1.0838582 | L19: =I19*0.09290304*1000*(1-J19/100) -> 856.77775 | M19: ='CARE DATA'!P25 -> 856.77775 | N19: =D19/M19 -> 0.41677165 | O19: =G19/M19 -> 0.04959105
A20: note: 1. Sales: in manufactures' dollars | K20: =AVERAGE(K2:K19) -> 0.98674848 | N20: =AVERAGE(N2:N10) -> 0.20323465 | O20: =AVERAGE(O2:O10) -> 0.090360717
A21: 2. Imports/Exports: includes roll goods, bath mats, area rugs, auto and aircraft carpeting and artificial grass | N21: =AVERAGE(N11:N19) -> 0.36695549 | O21: =AVERAGE(O11:O19) -> 0.061481546
A22: 3. Source: U.S. Department of Commerce and Catalina Research
A24: average sales value of carpet per square meter | D24: 1.13
